article_id	categorie	pub_date
23573888	Nyheter	2017-01-18 18:30:05
23605647	Sport	2017-01-18 17:43:42
23830763	Sport	2017-01-11 09:53:19
23847218	VG Helg	2016-12-15 10:18:35
23849757	VG Helg	2016-12-02 15:35:09
23850875	VG Helg	2016-12-03 19:05:04
23852511	VG Helg	2016-12-01 09:08:46
23852608	Sport	2016-12-03 18:15:50
23852616	Nyttig	2016-12-16 13:12:13
23853368	VG Helg	2016-12-14 12:34:13
23853410	VG Helg	2016-12-04 18:17:15
23854230	Nyheter	2016-12-01 16:21:56
23854237	Reportasje	2016-12-01 10:43:19
23854277	Reportasje	2016-12-02 11:22:17
23854557	Nyheter	2016-12-07 09:57:59
23854951	Nyttig	2016-12-06 13:30:51
23855332	Rampelys	2017-01-01 19:16:55
23855342	Nyheter	2016-12-01 15:13:04
23855552	Rampelys	2016-12-01 09:44:00
23856272	VG Helg	2016-12-05 18:27:54
23856506	Nyheter	2016-12-04 17:07:23
23856570	Rampelys	2016-12-14 14:31:58
23856711	VG Helg	2016-12-08 10:11:53
23856914	Nyheter	2016-12-07 10:24:04
23858043	Sport	2016-12-01 10:59:21
23858272	Reportasje	2016-12-04 23:54:53
23858364	Økonomi	2016-12-02 12:01:43
23858417	Meninger	2016-12-08 19:33:00
23858564	VG Helg	2016-12-10 00:12:49
23858754	Økonomi	2016-12-15 11:55:15
23861072	Nyheter	2016-12-01 00:21:17
23861102	Sport	2016-12-01 00:56:27
23861183	Kaffepausen	2016-12-01 09:16:51
23861242	Rampelys	2016-12-01 09:51:16
23861256	Rampelys	2016-12-01 10:04:33
23861259	VG Helg	2016-12-09 12:32:56
23861265	Rampelys	2016-12-01 10:08:26
23861272	Rampelys	2016-12-01 10:14:41
23861277	Rampelys	2016-12-01 10:40:12
23861286	Kaffepausen	2016-12-01 10:52:46
23861287	Historisk	2016-12-13 10:32:50
23861314	Rampelys	2016-12-05 11:21:15
23861319	Kaffepausen	2016-12-01 11:19:48
23861358	Rampelys	2016-12-01 11:24:40
23861365	Mat og drikke	2016-12-01 11:58:23
23861382	Nyttig	2016-12-04 20:14:55
23861401	Mat og drikke	2016-12-01 13:30:04
23861414	Nyheter	2016-12-01 20:05:30
23861427	Rampelys	2016-12-01 13:25:13
23861432	VG Helg	2016-12-07 09:32:38
23861434	Rampelys	2016-12-01 13:38:51
23861456	Rampelys	2016-12-01 13:51:48
23861509	Meninger	2016-12-01 14:30:47
23861525	Nyttig	2016-12-05 09:57:36
23861583	VG Helg	2016-12-16 11:03:58
23861729	Sport	2016-12-01 18:14:10
23861736	Meninger	2016-12-01 18:04:58
23861746	Meninger	2016-12-01 18:11:15
23861750	Økonomi	2016-12-01 18:15:24
23861760	Nyheter	2016-12-01 18:47:47
23861787	Nyheter	2016-12-01 19:06:51
23861790	Nyheter	2016-12-01 19:16:56
23861831	Rampelys	2016-12-01 20:25:26
23861849	VG Helg	2016-12-19 14:22:41
23861890	Sport	2016-12-01 21:34:45
23861901	Sport	2016-12-01 21:39:08
23861905	Nyheter	2016-12-01 22:16:31
23861909	Sport	2016-12-01 21:49:18
23861914	Sport	2016-12-01 22:07:41
23861916	Sport	2016-12-01 21:54:36
23861929	Sport	2016-12-01 22:01:07
23861978	Nyheter	2016-12-01 22:15:25
23862002	Meninger	2016-12-01 22:36:01
23862061	Nyheter	2016-12-01 23:35:05
23862129	Rampelys	2016-12-03 21:21:07
23862135	VG Helg	2016-12-19 11:08:45
23862139	VG Helg	2016-12-16 09:18:52
23862159	Nyttig	2016-12-02 11:29:37
23862182	Reise	2016-12-02 11:57:01
23862278	Reise	2016-12-02 10:44:31
23862296	Nyheter	2016-12-02 10:57:57
23862389	Reportasje	2016-12-08 19:21:10
23862468	VG Helg	2016-12-15 10:31:49
23862488	Sport	2016-12-02 13:54:41
23862493	Nyheter	2016-12-09 11:16:26
23862507	Rampelys	2016-12-02 14:00:11
23862638	Meninger	2016-12-02 15:05:27
23862683	Nyheter	2016-12-02 15:27:58
23862685	Økonomi	2016-12-05 17:32:14
23862747	Nyheter	2016-12-02 15:58:25
23862776	Sport	2016-12-27 13:30:12
23862850	Nyheter	2016-12-02 18:15:55
23862877	Nyheter	2016-12-02 21:52:06
23862878	Nyheter	2016-12-02 19:30:06
23862879	Rampelys	2016-12-02 19:07:52
23862886	Nyheter	2016-12-02 19:14:19
23862897	Sport	2016-12-02 19:25:01
23862913	Sport	2016-12-02 19:35:30
23862926	Sport	2016-12-02 19:47:14
23862935	Sport	2016-12-02 19:52:14
23862946	Nyheter	2016-12-02 20:00:10
23862978	Sport	2016-12-02 20:39:54
23863025	Meninger	2016-12-02 21:38:03
23863029	Meninger	2016-12-02 21:44:36
23863036	Meninger	2016-12-02 21:46:26
23863038	Nyheter	2016-12-02 21:49:58
23863042	Sport	2016-12-02 22:04:01
23863048	Sport	2016-12-02 22:17:15
23863081	Nyheter	2016-12-02 22:53:01
23863085	Nyheter	2016-12-02 23:10:38
23863095	Sport	2016-12-02 23:17:25
23863144	Reportasje	2016-12-11 16:55:49
23863158	Økonomi	2016-12-08 19:02:34
23863293	Nyheter	2016-12-03 23:14:41
23863338	Meninger	2016-12-03 18:36:23
23863348	Nyheter	2016-12-03 18:53:47
23863354	Nyttig	2016-12-03 19:14:40
23863358	Nyttig	2016-12-03 19:37:07
23863378	Meninger	2016-12-03 19:36:40
23863383	Meninger	2016-12-03 20:00:22
23863393	Meninger	2016-12-03 20:12:08
23863396	Nyheter	2016-12-03 21:12:15
23863446	Sport	2016-12-03 21:17:22
23863454	Sport	2016-12-03 21:24:00
23863455	Nyheter	2016-12-03 21:28:22
23863458	Sport	2016-12-03 21:27:34
23863466	Nyheter	2016-12-03 21:37:55
23863473	Rampelys	2016-12-03 21:48:45
23863479	Sport	2016-12-03 21:50:55
23863490	Nyheter	2016-12-03 22:03:05
23863523	Sport	2016-12-03 22:29:47
23863532	Sport	2016-12-03 22:37:19
23863533	Nyheter	2016-12-03 22:54:47
23863538	Nyheter	2016-12-03 22:53:19
23863780	Meninger	2016-12-04 17:40:04
23863806	Nyheter	2016-12-04 22:03:01
23863808	Rampelys	2016-12-04 21:08:25
23863814	Nyheter	2016-12-04 23:44:28
23863863	Rampelys	2016-12-04 18:54:07
23863924	Kaffepausen	2016-12-04 20:12:26
23863959	Meninger	2016-12-04 20:49:40
23863966	Nyheter	2016-12-04 21:04:58
23863973	Nyheter	2016-12-04 21:12:38
23863979	Sport	2016-12-04 21:33:47
23863987	Meninger	2016-12-04 21:39:46
23863990	Sport	2016-12-04 21:40:27
23863992	Meninger	2016-12-04 21:43:17
23864005	Sport	2016-12-04 21:48:17
23864030	Nyheter	2016-12-04 22:13:12
23864034	Nyheter	2016-12-04 22:25:18
23864041	Nyheter	2016-12-04 22:27:18
23864078	Nyheter	2016-12-04 23:19:29
23864079	Sport	2016-12-04 23:18:01
23864089	Sport	2016-12-04 23:23:19
23864094	Sport	2016-12-04 23:30:26
23864119	Sport	2016-12-05 00:03:09
23864127	Nyheter	2016-12-05 00:19:02
23864164	Nyttig	2016-12-05 18:39:48
23864191	Økonomi	2016-12-06 09:55:25
23864218	Økonomi	2016-12-08 11:19:52
23864228	Økonomi	2016-12-11 17:19:14
23864240	Kaffepausen	2016-12-05 09:34:03
23864305	Sport	2016-12-05 10:20:43
23864333	Kaffepausen	2016-12-05 10:20:39
23864448	VG Helg	2016-12-16 11:42:41
23864501	Økonomi	2016-12-14 19:20:36
23864562	Mat og drikke	2016-12-05 13:55:48
23864607	Meninger	2016-12-05 14:19:58
23864614	Mat og drikke	2016-12-05 14:46:53
23864671	Mat og drikke	2016-12-05 15:16:21
23864690	Sport	2016-12-05 15:07:52
23864758	Nyheter	2016-12-05 15:52:16
23864890	Sport	2016-12-05 18:35:57
23864896	Nyheter	2016-12-05 18:44:29
23864920	Sport	2016-12-05 19:32:31
23864922	Økonomi	2016-12-05 19:33:22
23864929	Sport	2016-12-05 19:37:44
23864943	Meninger	2016-12-05 19:44:20
23864946	Rampelys	2016-12-05 20:05:48
23864950	Meninger	2016-12-05 20:00:53
23864955	Nyheter	2016-12-05 20:04:51
23864966	Rampelys	2016-12-05 20:14:12
23864972	Rampelys	2016-12-05 20:20:33
23864990	Nyheter	2016-12-05 20:35:37
23865037	Meninger	2016-12-05 21:28:35
23865039	Nyheter	2016-12-05 22:24:54
23865049	Sport	2016-12-05 21:49:49
23865065	Nyheter	2016-12-05 22:14:04
23865077	Nyheter	2016-12-05 22:41:08
23865112	Rampelys	2016-12-05 23:31:23
23865133	Nyheter	2016-12-05 23:45:11
23865137	Nyheter	2016-12-05 23:50:42
23865158	Sport	2016-12-06 00:00:54
23865163	Nyheter	2016-12-06 00:11:10
23865243	Kaffepausen	2016-12-06 08:58:28
23865246	Rampelys	2016-12-06 18:42:03
23865261	Kaffepausen	2016-12-06 09:15:28
23865294	Kaffepausen	2016-12-06 09:39:52
23865302	Nyheter	2016-12-06 19:49:22
23865313	VG Helg	2016-12-16 09:11:33
23865366	Kaffepausen	2016-12-06 10:21:50
23865431	VG Helg	2016-12-13 09:50:39
23865438	Nyheter	2016-12-07 18:47:02
23865464	VG Helg	2016-12-14 09:56:14
23865513	VG Helg	2016-12-16 13:05:51
23865606	Meninger	2016-12-06 13:50:10
23865658	Nyheter	2016-12-06 14:49:22
23865735	Rampelys	2016-12-06 15:21:40
23865766	Nyheter	2016-12-06 15:59:29
23865773	VG Helg	2016-12-14 10:29:25
23865795	Sport	2016-12-06 16:00:45
23865862	VG Helg	2016-12-20 13:55:25
23865889	Nyheter	2016-12-07 15:20:07
23866013	Meninger	2016-12-06 19:01:14
23866028	Meninger	2016-12-06 19:14:43
23866057	Meninger	2016-12-06 19:46:01
23866064	Rampelys	2016-12-06 19:50:39
23866081	Økonomi	2016-12-06 20:15:08
23866083	Nyheter	2016-12-06 20:20:27
23866099	Nyheter	2016-12-06 20:38:58
23866100	Nyheter	2016-12-06 20:39:40
23866116	Nyheter	2016-12-06 20:47:39
23866131	Nyheter	2016-12-06 20:55:13
23866137	Nyheter	2016-12-06 23:13:54
23866138	Sport	2016-12-06 21:03:18
23866171	Nyheter	2016-12-06 21:48:04
23866182	Sport	2016-12-06 22:00:39
23866201	Rampelys	2016-12-06 22:48:26
23866208	Nyheter	2016-12-06 23:09:22
23866236	Sport	2016-12-06 23:38:48
23866256	Sport	2016-12-06 23:46:00
23866261	Nyheter	2016-12-06 23:56:15
23866272	Nyheter	2016-12-07 00:05:49
23866369	Reportasje	2016-12-07 10:27:51
23866450	Mat og drikke	2016-12-07 09:55:59
23866462	Nyheter	2016-12-07 15:33:15
23866514	Rampelys	2016-12-26 23:29:03
23866524	Nyheter	2017-01-11 09:57:40
23866547	Nyheter	2016-12-07 18:20:42
23866559	Rampelys	2016-12-12 13:46:33
23866560	Sport	2016-12-07 13:31:04
23866621	Historisk	2016-12-19 12:02:13
23866667	Reportasje	2016-12-13 15:36:39
23866812	Meninger	2016-12-07 14:43:01
23866826	Nyheter	2016-12-07 14:52:10
23866841	Nyheter	2016-12-07 15:01:16
23867028	Sport	2016-12-07 19:06:24
23867049	Nyheter	2016-12-07 20:02:47
23867051	Rampelys	2016-12-07 20:00:50
23867061	Nyheter	2016-12-07 20:13:22
23867067	Økonomi	2016-12-07 20:25:58
23867098	Nyheter	2016-12-07 20:48:30
23867109	Nyheter	2016-12-07 21:04:43
23867111	Nyheter	2016-12-07 21:10:17
23867115	Nyheter	2016-12-07 21:14:28
23867117	Nyheter	2016-12-07 21:21:33
23867142	Meninger	2016-12-07 22:08:42
23867145	Meninger	2016-12-07 22:11:57
23867166	Nyheter	2016-12-07 22:47:23
23867173	Meninger	2016-12-07 22:52:50
23867183	Sport	2016-12-07 23:00:11
23867190	Sport	2016-12-07 23:07:37
23867194	Sport	2016-12-07 23:12:20
23867198	Nyheter	2016-12-07 23:16:56
23867208	Nyheter	2016-12-07 23:54:06
23867239	Sport	2016-12-08 00:17:56
23867286	Nyheter	2016-12-08 14:50:30
23867295	Rampelys	2016-12-08 09:20:32
23867296	VG Helg	2016-12-08 09:31:32
23867315	Nyheter	2016-12-08 18:06:36
23867321	VG Helg	2016-12-08 09:31:36
23867392	VG Helg	2016-12-27 10:43:46
23867405	Meninger	2017-01-04 09:44:10
23867409	Nyttig	2016-12-16 10:15:57
23867497	Rampelys	2016-12-08 12:13:43
23867535	Rampelys	2016-12-08 13:00:09
23867562	Nyheter	2016-12-09 19:11:13
23867609	Nyheter	2016-12-08 13:43:55
23867627	Nyheter	2016-12-08 13:59:10
23867705	Nyheter	2017-01-17 18:21:20
23867961	Rampelys	2016-12-08 20:27:54
23867980	Nyheter	2016-12-08 20:17:25
23867989	Sport	2016-12-08 20:25:19
23867999	Sport	2016-12-08 20:31:50
23868002	Nyheter	2016-12-08 20:40:58
23868024	Sport	2016-12-08 20:41:34
23868036	Meninger	2016-12-08 20:49:14
23868037	Nyheter	2016-12-08 20:51:24
23868048	Meninger	2016-12-08 20:52:45
23868058	Meninger	2016-12-08 21:03:01
23868082	Meninger	2016-12-08 21:25:48
23868117	Nyheter	2016-12-08 22:00:26
23868120	Sport	2016-12-08 22:06:23
23868137	Sport	2016-12-08 22:30:14
23868190	Nyheter	2016-12-08 22:47:56
23868202	Nyheter	2016-12-08 22:59:45
23868212	Nyheter	2016-12-08 23:11:42
23868214	Sport	2016-12-08 23:18:09
23868216	Nyheter	2016-12-08 23:42:09
23868470	Rampelys	2016-12-09 12:41:34
23868488	VG Helg	2016-12-26 18:53:45
23868654	Økonomi	2016-12-12 18:15:44
23868695	Nyheter	2016-12-09 14:27:50
23868718	Meninger	2016-12-09 15:32:22
23868746	Nyheter	2016-12-09 14:58:48
23868847	Nyheter	2016-12-09 15:46:38
23868871	Nyheter	2016-12-09 20:12:00
23869145	Sport	2016-12-09 20:53:42
23869159	Meninger	2016-12-09 21:12:03
23869164	Meninger	2016-12-09 21:13:49
23869168	Meninger	2016-12-09 21:27:22
23869171	Sport	2016-12-09 21:40:40
23869195	Nyheter	2016-12-10 16:57:57
23869200	Nyheter	2016-12-09 22:09:46
23869203	Nyheter	2016-12-09 22:14:13
23869214	Nyheter	2016-12-09 22:20:52
23869216	Rampelys	2016-12-09 22:24:17
23869218	Rampelys	2016-12-09 22:27:25
23869226	Nyheter	2016-12-09 22:33:16
23869236	Nyheter	2016-12-09 22:54:31
23869258	Sport	2016-12-09 22:51:09
23869262	Sport	2016-12-09 22:58:09
23869266	Sport	2016-12-09 23:08:34
23869278	Sport	2016-12-09 23:19:37
23869481	Sport	2016-12-10 18:06:41
23869587	Meninger	2016-12-10 19:24:05
23869591	Meninger	2016-12-10 19:28:02
23869598	Meninger	2016-12-10 19:31:06
23869601	Nyheter	2016-12-10 19:35:28
23869624	Nyheter	2016-12-10 19:44:37
23869632	Nyheter	2016-12-10 20:34:24
23869673	Meninger	2016-12-10 20:43:07
23869708	Nyheter	2016-12-10 21:15:23
23869725	Nyheter	2016-12-10 21:30:36
23869733	Rampelys	2016-12-10 21:41:30
23869746	Sport	2016-12-10 21:54:25
23869751	Sport	2016-12-10 21:59:55
23869761	Sport	2016-12-10 22:09:16
23869766	Nyheter	2016-12-10 22:18:36
23869797	Sport	2016-12-10 22:41:53
23869803	Nyheter	2016-12-10 22:50:02
23869816	Rampelys	2016-12-10 23:32:06
23869992	Nyheter	2016-12-11 18:15:37
23870034	Kaffepausen	2016-12-11 18:48:05
23870084	Sport	2016-12-11 20:36:18
23870085	Meninger	2016-12-11 20:31:43
23870097	Nyheter	2016-12-11 20:42:41
23870101	Sport	2016-12-11 20:47:03
23870112	Sport	2016-12-11 20:58:12
23870114	Nyheter	2016-12-11 21:04:38
23870125	Rampelys	2016-12-11 21:25:33
23870136	Økonomi	2016-12-11 21:20:19
23870149	Sport	2016-12-11 21:35:45
23870151	Nyheter	2016-12-11 22:16:16
23870165	Sport	2016-12-11 22:45:16
23870176	Nyheter	2016-12-11 22:04:33
23870220	Nyheter	2016-12-11 22:28:01
23870226	Meninger	2016-12-11 22:31:59
23870234	Meninger	2016-12-11 22:37:00
23870241	Meninger	2016-12-11 22:43:26
23870246	Sport	2016-12-11 22:50:36
23870247	Rampelys	2016-12-11 22:57:10
23870269	Sport	2016-12-12 00:01:30
23870313	Sport	2016-12-12 00:08:33
23870423	Kaffepausen	2016-12-12 09:21:06
23870441	Nyttig	2016-12-12 10:06:05
23870482	Økonomi	2016-12-13 13:26:34
23870490	Kaffepausen	2016-12-12 09:51:24
23870492	Økonomi	2016-12-20 14:00:44
23870510	Økonomi	2016-12-13 11:58:43
23870572	Økonomi	2017-01-09 09:23:52
23870688	Kaffepausen	2016-12-13 09:33:35
23870808	Økonomi	2016-12-18 18:56:43
23870818	VG Helg	2016-12-20 13:19:30
23870843	Økonomi	2016-12-28 20:01:03
23871080	Rampelys	2016-12-12 17:16:01
23871094	Nyheter	2016-12-12 17:32:18
23871127	Sport	2016-12-12 18:14:58
23871146	Sport	2016-12-12 18:29:56
23871174	Nyheter	2016-12-12 18:46:55
23871178	Rampelys	2016-12-12 19:02:17
23871187	Meninger	2016-12-12 19:14:51
23871189	Meninger	2016-12-12 19:21:48
23871198	Meninger	2016-12-12 19:24:07
23871213	Nyheter	2016-12-12 19:49:55
23871223	Nyheter	2016-12-12 19:56:19
23871228	Nyheter	2016-12-12 20:12:12
23871251	Meninger	2016-12-12 20:41:37
23871256	Sport	2016-12-12 21:06:10
23871287	Sport	2016-12-12 21:31:36
23871343	Nyheter	2016-12-12 23:23:16
23871360	Nyheter	2016-12-12 23:22:17
23871387	Sport	2016-12-12 23:49:38
23871397	Nyheter	2016-12-12 23:57:58
23871408	Nyheter	2016-12-13 00:19:18
23871476	Kaffepausen	2016-12-13 09:19:14
23871509	Mat og drikke	2016-12-13 09:57:00
23871530	Rampelys	2016-12-14 14:12:54
23871531	Nyheter	2017-01-01 17:59:31
23871545	Mat og drikke	2016-12-13 10:16:18
23871581	Kaffepausen	2016-12-13 10:29:38
23871588	VG Helg	2016-12-20 09:47:13
23871590	Mat og drikke	2016-12-13 10:46:20
23871595	Kaffepausen	2016-12-13 10:39:40
23871637	Nyheter	2016-12-13 18:15:53
23871730	VG Helg	2016-12-30 10:44:19
23871831	Sport	2016-12-19 11:37:52
23871832	Nyttig	2016-12-14 11:50:31
23871845	Sport	2016-12-20 11:32:55
23871848	VG Helg	2016-12-29 19:53:23
23871849	Sport	2016-12-22 09:50:51
23871851	VG Helg	2016-12-28 17:38:22
23871875	Nyheter	2016-12-13 14:34:07
23871944	Meninger	2016-12-13 14:57:39
23871961	Nyheter	2016-12-13 15:20:42
23871982	Rampelys	2016-12-13 15:31:58
23872006	VG Helg	2016-12-13 16:02:47
23872021	Nyttig	2016-12-14 14:16:32
23872066	Nyheter	2016-12-16 10:00:07
23872131	Nyheter	2016-12-13 17:52:04
23872132	Meninger	2016-12-13 17:55:26
23872153	Meninger	2016-12-13 18:04:37
23872163	Meninger	2016-12-13 18:19:07
23872183	Rampelys	2016-12-13 18:57:38
23872251	Nyheter	2016-12-13 20:36:38
23872275	Sport	2016-12-13 20:46:32
23872308	Nyheter	2016-12-13 20:58:58
23872316	Sport	2016-12-13 21:06:51
23872327	Sport	2016-12-13 21:40:33
23872332	Nyheter	2016-12-13 21:48:23
23872355	Nyheter	2016-12-13 22:19:55
23872378	Sport	2016-12-13 23:20:04
23872398	Sport	2016-12-13 23:31:44
23872419	Nyheter	2016-12-13 23:53:13
23872442	Nyheter	2016-12-13 23:55:25
23872553	Nyheter	2016-12-19 10:42:10
23872646	Kaffepausen	2016-12-14 10:29:46
23872698	VG Helg	2016-12-14 11:26:23
23872704	Kaffepausen	2016-12-14 11:06:52
23872812	Mat og drikke	2016-12-14 12:36:02
23872867	Mat og drikke	2016-12-14 13:03:35
23872899	Nyheter	2016-12-14 13:32:00
23872908	Sport	2016-12-22 13:28:22
23872925	Sport	2017-01-11 18:11:30
23872928	Nyheter	2016-12-14 13:48:32
23872933	Sport	2017-01-10 14:49:02
23872938	Sport	2017-01-09 14:18:10
23872940	Sport	2016-12-28 15:33:58
23872959	Sport	2017-01-13 07:43:47
23873036	VG Helg	2017-01-05 11:13:34
23873110	Sport	2016-12-14 15:19:34
23873143	Rampelys	2016-12-14 15:38:37
23873172	Nyheter	2016-12-14 15:44:25
23873178	Meninger	2016-12-14 16:00:21
23873180	Nyheter	2016-12-14 15:57:05
23873203	Nyheter	2016-12-14 16:20:47
23873220	VG Helg	2016-12-19 13:19:21
23873229	Nyheter	2016-12-14 16:57:36
23873241	Økonomi	2016-12-14 17:00:23
23873318	Nyheter	2016-12-14 18:26:44
23873333	Meninger	2016-12-14 18:34:56
23873351	Meninger	2016-12-14 18:39:23
23873353	Meninger	2016-12-14 18:43:00
23873354	Rampelys	2016-12-14 18:42:53
23873399	Nyheter	2016-12-14 19:58:42
23873400	Nyheter	2016-12-14 19:50:57
23873435	Sport	2016-12-14 20:25:11
23873469	Rampelys	2016-12-17 18:05:06
23873521	Sport	2016-12-16 13:30:50
23873542	Nyheter	2016-12-15 00:27:19
23873551	Sport	2016-12-14 23:52:45
23873559	Sport	2016-12-14 23:57:54
23873566	Sport	2016-12-15 00:02:16
23873661	Rampelys	2016-12-15 09:10:03
23873670	Kaffepausen	2016-12-15 09:32:51
23873675	Rampelys	2016-12-15 09:33:10
23873678	Nyheter	2016-12-15 11:03:02
23873687	Kaffepausen	2016-12-15 09:45:30
23873693	Økonomi	2016-12-19 14:17:22
23873731	Nyheter	2016-12-27 07:42:33
23873774	Kaffepausen	2016-12-15 10:44:23
23873799	Økonomi	2016-12-15 17:50:36
23873950	Meninger	2016-12-15 13:02:07
23873973	Rampelys	2016-12-15 13:44:40
23874011	VG Helg	2016-12-19 14:10:08
23874071	Nyheter	2016-12-15 15:01:57
23874148	Nyheter	2016-12-15 16:03:20
23874220	Sport	2016-12-15 17:07:55
23874246	Sport	2016-12-15 17:54:41
23874306	Sport	2016-12-15 18:23:59
23874333	Sport	2016-12-15 18:55:17
23874383	Nyheter	2016-12-15 19:42:52
23874411	Sport	2016-12-15 20:15:14
23874420	Nyheter	2016-12-15 20:28:36
23874502	Meninger	2016-12-15 21:45:33
23874506	Meninger	2016-12-15 21:50:01
23874539	Meninger	2016-12-15 22:24:58
23874554	Nyheter	2016-12-15 22:31:50
23874567	Sport	2016-12-15 22:50:00
23874569	Sport	2016-12-15 22:52:58
23874579	Nyheter	2016-12-15 23:25:41
23874603	Nyheter	2016-12-15 23:34:09
23874605	Nyheter	2016-12-15 23:37:37
23874703	Reise	2016-12-16 09:44:25
23874727	Rampelys	2016-12-29 18:54:22
23874751	Nyheter	2016-12-28 11:26:24
23874796	Nyheter	2016-12-16 10:57:59
23874824	VG Helg	2017-01-04 09:11:29
23874924	Nyttig	2016-12-17 16:17:02
23875024	Rampelys	2016-12-16 13:51:51
23875077	Meninger	2016-12-16 14:27:08
23875079	Nyheter	2016-12-16 15:10:25
23875106	Sport	2016-12-16 15:49:34
23875363	Rampelys	2016-12-16 17:47:22
23875403	Nyheter	2016-12-16 19:04:59
23875430	Nyheter	2016-12-16 19:47:23
23875458	Meninger	2016-12-16 20:15:24
23875470	Meninger	2016-12-16 20:25:27
23875474	Meninger	2016-12-16 20:28:15
23875480	Nyheter	2016-12-16 20:35:12
23875498	Nyheter	2016-12-16 21:07:50
23875608	Sport	2016-12-16 22:32:29
23875617	Nyheter	2016-12-16 22:40:49
23875630	Sport	2016-12-16 22:49:43
23875638	Sport	2016-12-16 23:09:00
23875760	Meninger	2016-12-17 16:46:52
23875768	Nyttig	2016-12-17 17:00:56
23875796	Rampelys	2016-12-17 17:42:21
23875852	Meninger	2016-12-17 18:26:47
23875855	Meninger	2016-12-17 18:42:46
23875874	Meninger	2016-12-17 18:59:37
23875887	Nyheter	2016-12-17 19:14:53
23875924	Nyheter	2016-12-17 20:30:01
23875965	Nyheter	2016-12-17 21:02:59
23875968	Sport	2016-12-17 21:36:17
23875978	Nyheter	2016-12-17 21:47:09
23875995	Nyheter	2016-12-17 22:05:33
23875998	Sport	2016-12-17 22:11:18
23875999	Nyheter	2016-12-17 22:13:47
23876002	Sport	2016-12-17 22:13:50
23876007	Sport	2016-12-17 22:27:26
23876021	Nyheter	2016-12-17 22:36:47
23876036	Rampelys	2016-12-17 22:42:40
23876038	Sport	2016-12-17 22:38:54
23876168	Kaffepausen	2016-12-18 16:21:58
23876183	Meninger	2016-12-18 16:34:10
23876193	Reise	2016-12-18 16:44:03
23876198	Nyheter	2016-12-18 17:13:20
23876229	Nyheter	2016-12-18 17:30:52
23876263	Nyheter	2016-12-18 18:18:16
23876349	Sport	2016-12-18 20:38:25
23876372	Nyheter	2016-12-18 22:21:44
23876373	Meninger	2016-12-18 21:11:56
23876375	Meninger	2016-12-18 21:17:51
23876386	Meninger	2016-12-18 21:41:41
23876405	Nyheter	2016-12-18 21:46:15
23876417	Nyheter	2016-12-18 22:11:49
23876418	Sport	2016-12-18 22:09:49
23876461	Rampelys	2016-12-18 22:27:47
23876512	Økonomi	2016-12-18 23:35:44
23876534	Nyheter	2016-12-19 00:11:38
23876551	Sport	2016-12-19 00:22:16
23876562	Sport	2016-12-19 00:23:38
23876566	Sport	2016-12-19 00:26:35
23876617	VG Helg	2017-01-06 09:14:32
23876623	Nyheter	2016-12-19 09:37:12
23876664	Økonomi	2016-12-19 11:29:33
23876678	Økonomi	2017-01-13 11:30:08
23876689	Økonomi	2016-12-20 10:26:07
23876736	Rampelys	2017-01-04 12:37:49
23877228	Nyheter	2016-12-26 16:16:46
23877267	Kaffepausen	2016-12-19 16:03:29
23877279	Meninger	2016-12-19 16:12:15
23877283	VG Helg	2017-01-04 08:56:15
23877286	Nyheter	2016-12-19 16:32:57
23877344	Nyheter	2016-12-19 17:12:06
23877409	Sport	2016-12-19 18:44:40
23877427	Sport	2016-12-19 19:12:00
23877429	Rampelys	2016-12-19 19:32:13
23877432	Sport	2016-12-19 19:17:22
23877447	Sport	2016-12-19 19:46:45
23877453	Rampelys	2016-12-19 19:43:23
23877464	Nyheter	2016-12-19 19:55:53
23877465	Rampelys	2016-12-19 19:51:45
23877475	Meninger	2016-12-19 20:00:19
23877484	Sport	2016-12-19 20:17:09
23877489	Nyttig	2017-01-02 13:41:43
23877497	Meninger	2016-12-19 20:32:29
23877502	Meninger	2016-12-19 20:37:02
23877518	Nyheter	2016-12-19 21:02:56
23877549	Nyheter	2016-12-19 22:07:22
23877559	Nyheter	2016-12-19 22:54:44
23877580	Nyheter	2016-12-19 23:23:38
23877601	Sport	2016-12-19 23:45:01
23877614	Nyheter	2016-12-19 23:58:33
23877632	Sport	2016-12-20 00:14:58
23877723	VG Helg	2016-12-20 09:10:37
23877834	Mat og drikke	2016-12-20 09:51:04
23877844	Mat og drikke	2016-12-20 10:00:33
23877846	Reportasje	2016-12-20 14:10:31
23877864	Mat og drikke	2016-12-20 10:07:21
23877885	Nyttig	2017-01-08 18:30:26
23877923	VG Helg	2016-12-20 11:34:26
23877926	Nyheter	2016-12-21 17:53:57
23877995	Kaffepausen	2016-12-20 11:48:21
23878005	Kaffepausen	2016-12-20 12:01:38
23878021	Kaffepausen	2016-12-20 12:11:08
23878039	Reportasje	2016-12-21 13:35:44
23878056	Reportasje	2016-12-21 14:37:06
23878112	Kaffepausen	2016-12-20 13:06:44
23878119	Kaffepausen	2016-12-20 13:24:06
23878148	Mat og drikke	2016-12-20 13:34:41
23878168	Mat og drikke	2016-12-20 13:41:10
23878172	Rampelys	2016-12-20 13:44:09
23878268	Rampelys	2016-12-20 15:17:03
23878270	Nyheter	2016-12-21 10:03:38
23878276	Meninger	2016-12-20 15:39:08
23878327	Nyheter	2016-12-20 15:59:17
23878352	Meninger	2016-12-20 16:26:14
23878366	Nyheter	2016-12-20 16:49:26
23878434	Økonomi	2016-12-28 15:16:52
23878435	Meninger	2016-12-20 17:27:47
23878439	Meninger	2016-12-20 17:38:18
23878451	Meninger	2016-12-20 17:48:01
23878456	Sport	2016-12-20 17:58:06
23878482	Meninger	2016-12-20 18:21:23
23878494	Nyheter	2016-12-20 18:44:42
23878552	Nyheter	2016-12-20 19:41:16
23878554	Rampelys	2016-12-20 19:45:45
23878564	Meninger	2016-12-20 19:49:27
23878578	Nyheter	2016-12-20 19:59:43
23878583	Sport	2016-12-20 20:24:37
23878584	Meninger	2016-12-20 20:23:23
23878618	Nyheter	2016-12-20 21:02:30
23878676	Sport	2016-12-20 22:25:21
23878690	Nyheter	2016-12-20 23:04:18
23878716	Nyheter	2016-12-20 23:10:20
23878720	Nyheter	2016-12-20 23:20:33
23878729	Nyheter	2016-12-20 23:35:36
23878736	Sport	2016-12-20 23:44:08
23878792	VG Helg	2016-12-26 19:54:26
23878801	Nyheter	2016-12-21 09:27:51
23878843	Nyheter	2016-12-21 10:28:03
23878861	Nyheter	2016-12-21 10:05:09
23878880	Nyheter	2016-12-21 10:19:47
23878894	Nyheter	2016-12-21 10:47:03
23878895	Nyheter	2016-12-23 16:13:56
23878898	Rampelys	2016-12-21 10:34:38
23878926	Rampelys	2016-12-21 11:12:46
23879014	Rampelys	2016-12-21 11:25:35
23879026	Nyheter	2016-12-27 22:20:14
23879028	Nyheter	2016-12-21 11:41:33
23879034	Nyheter	2016-12-21 11:58:58
23879035	Reportasje	2016-12-30 13:08:14
23879163	Sport	2016-12-21 13:31:30
23879167	Økonomi	2016-12-21 12:58:34
23879192	Nyttig	2016-12-23 12:52:59
23879265	Sport	2016-12-21 13:52:25
23879321	Kaffepausen	2016-12-21 14:15:50
23879322	Sport	2016-12-21 14:13:45
23879325	VG Helg	2017-01-04 13:15:10
23879354	Sport	2016-12-21 14:37:52
23879382	Sport	2016-12-21 14:44:23
23879397	Nyheter	2016-12-21 15:12:48
23879434	Meninger	2016-12-21 15:26:58
23879479	Nyheter	2016-12-21 15:53:46
23879510	Nyheter	2016-12-21 16:21:51
23879542	Rampelys	2016-12-21 16:55:56
23879603	Meninger	2016-12-21 17:34:34
23879613	Meninger	2016-12-21 17:40:36
23879617	Sport	2016-12-21 17:44:10
23879649	Meninger	2016-12-21 18:17:22
23879819	Økonomi	2016-12-21 20:07:32
23879827	Sport	2016-12-21 20:20:56
23879837	Nyheter	2016-12-21 20:20:14
23879846	Nyheter	2016-12-21 20:52:12
23879848	Nyheter	2016-12-21 20:58:59
23879905	Sport	2016-12-21 22:38:22
23879933	Sport	2016-12-21 22:40:50
23879942	Økonomi	2016-12-21 22:53:33
23879943	VG Helg	2017-01-11 10:44:19
23879947	Nyheter	2016-12-21 22:56:18
23879973	Nyheter	2016-12-21 23:34:27
23879979	Nyheter	2016-12-21 23:53:56
23879984	Sport	2016-12-22 00:07:59
23880076	Rampelys	2016-12-22 09:44:58
23880136	Rampelys	2016-12-22 10:06:49
23880145	Rampelys	2016-12-22 10:17:57
23880175	Nyheter	2016-12-22 11:59:29
23880244	Økonomi	2016-12-26 18:32:02
23880295	Rampelys	2016-12-22 11:57:32
23880309	Rampelys	2016-12-22 12:17:29
23880349	VG Helg	2017-01-03 09:34:47
23880370	Nyheter	2016-12-22 13:24:52
23880513	Meninger	2016-12-22 15:18:17
23880527	Økonomi	2016-12-28 18:18:40
23880534	Økonomi	2017-01-03 19:11:24
23880550	Økonomi	2016-12-30 13:08:42
23880557	Rampelys	2016-12-22 15:52:53
23880566	Økonomi	2017-01-03 11:22:37
23880585	Økonomi	2017-01-02 10:16:10
23880673	VG Helg	2016-12-23 10:52:12
23880674	Sport	2016-12-22 17:07:56
23880751	Nyheter	2016-12-22 17:50:50
23880769	Meninger	2016-12-22 18:03:56
23880794	Nyheter	2016-12-22 18:41:14
23880810	Meninger	2016-12-22 18:56:39
23880820	Sport	2016-12-22 18:54:44
23880825	Sport	2016-12-22 19:01:56
23880837	Meninger	2016-12-22 19:08:39
23880844	Sport	2016-12-22 20:25:54
23880847	Nyheter	2017-01-01 18:59:55
23880860	Nyheter	2016-12-22 19:44:41
23880865	Nyheter	2016-12-22 19:51:28
23880921	Økonomi	2016-12-22 20:38:23
23880946	Sport	2016-12-22 20:55:56
23880950	Nyheter	2016-12-22 21:02:59
23880955	Nyheter	2016-12-22 21:17:39
23880973	Sport	2016-12-22 21:34:22
23880976	Nyheter	2016-12-22 21:30:22
23881022	Nyheter	2016-12-22 22:22:56
23881034	Sport	2016-12-22 22:07:10
23881058	Sport	2016-12-22 22:57:06
23881138	VG Helg	2017-01-09 12:46:49
23881148	Nyheter	2016-12-30 21:47:43
23881170	Nyheter	2017-01-01 19:08:41
23881177	Sport	2016-12-23 09:54:36
23881198	Sport	2016-12-23 10:10:45
23881215	Sport	2016-12-23 10:35:06
23881221	Meninger	2016-12-23 10:23:31
23881247	Reise	2016-12-23 10:32:57
23881267	Nyheter	2017-01-03 14:15:15
23881313	Sport	2016-12-23 14:11:11
23881326	Nyheter	2016-12-23 11:34:21
23881345	Nyheter	2017-01-23 13:40:02
23881376	Rampelys	2016-12-23 12:03:28
23881377	Meninger	2016-12-23 11:57:11
23881471	Nyheter	2016-12-23 13:55:43
23881706	Nyheter	2016-12-23 16:13:37
23881797	Meninger	2016-12-23 16:40:50
23881802	Meninger	2016-12-23 16:49:00
23881832	Nyheter	2016-12-23 17:29:29
23881838	Nyheter	2016-12-23 17:52:46
23881851	Sport	2016-12-23 18:30:12
23881878	Nyheter	2016-12-23 18:42:18
23881925	Nyheter	2016-12-23 20:27:54
23881978	Nyheter	2016-12-23 20:13:54
23881996	Rampelys	2016-12-23 20:38:08
23882012	Nyheter	2016-12-23 20:47:55
23882033	Sport	2016-12-23 21:04:08
23882165	Rampelys	2016-12-24 22:30:32
23882168	Nyheter	2016-12-24 22:34:36
23882170	Nyheter	2016-12-24 22:40:07
23882351	Nyheter	2016-12-25 23:07:52
23882356	Rampelys	2016-12-25 23:14:26
23882368	Rampelys	2016-12-26 00:24:55
23882491	Meninger	2016-12-26 16:51:26
23882550	Kaffepausen	2016-12-26 18:39:52
23882567	Sport	2016-12-26 18:54:06
23882582	Meninger	2016-12-26 19:34:56
23882588	Meninger	2016-12-26 19:38:40
23882605	Sport	2016-12-26 20:11:32
23882620	Nyheter	2016-12-26 20:23:29
23882623	Nyheter	2016-12-26 20:30:57
23882654	Økonomi	2016-12-26 21:08:28
23882663	Økonomi	2016-12-26 21:12:48
23882672	Sport	2016-12-26 21:22:53
23882687	Meninger	2016-12-26 21:29:56
23882690	Nyheter	2016-12-26 21:41:13
23882691	Sport	2016-12-26 21:41:07
23882694	Nyheter	2016-12-26 21:59:37
23882706	Rampelys	2016-12-26 21:59:06
23882712	Rampelys	2016-12-26 22:10:24
23882739	Rampelys	2016-12-26 23:09:23
23882746	Nyheter	2016-12-27 00:25:40
23882750	Nyheter	2016-12-26 23:52:48
23882763	Nyheter	2016-12-27 00:21:25
23882808	Økonomi	2016-12-29 11:07:34
23882809	VG Helg	2016-12-29 20:07:07
23882831	VG Helg	2017-01-16 22:17:57
23882850	Sport	2016-12-27 19:45:11
23882863	Sport	2016-12-29 12:33:28
23882905	Meninger	2016-12-27 11:15:42
23882910	Historisk	2016-12-29 17:53:17
23883041	Rampelys	2016-12-27 13:30:07
23883042	Reportasje	2017-01-02 12:56:42
23883049	Reportasje	2017-01-04 13:52:33
23883063	Reportasje	2017-01-06 11:07:38
23883066	Mat og drikke	2016-12-27 14:24:22
23883067	Kaffepausen	2016-12-27 14:10:32
23883089	Kaffepausen	2016-12-27 14:25:20
23883103	Kaffepausen	2016-12-27 14:36:59
23883116	Meninger	2016-12-27 20:02:14
23883119	Nyttig	2016-12-29 00:43:39
23883134	Nyheter	2016-12-27 14:55:33
23883142	Nyheter	2016-12-27 15:06:46
23883160	Meninger	2016-12-27 15:14:36
23883188	Rampelys	2016-12-27 15:25:35
23883194	Meninger	2016-12-27 15:25:19
23883206	Kaffepausen	2016-12-27 15:52:26
23883222	Kaffepausen	2016-12-28 08:50:57
23883281	Nyheter	2016-12-27 22:18:30
23883374	Sport	2016-12-27 19:56:57
23883395	Nyheter	2016-12-27 20:12:58
23883403	Økonomi	2016-12-27 20:17:55
23883409	Nyheter	2016-12-27 20:22:38
23883478	Nyheter	2016-12-27 21:48:51
23883482	Sport	2016-12-27 21:53:16
23883501	Rampelys	2016-12-27 22:29:47
23883505	Nyheter	2016-12-27 22:38:39
23883514	Nyheter	2016-12-27 22:43:46
23883517	Nyheter	2016-12-27 22:50:49
23883535	Sport	2016-12-27 23:15:58
23883540	Sport	2016-12-27 23:24:18
23883547	Nyheter	2016-12-27 23:56:14
23883641	Mat og drikke	2016-12-28 09:35:07
23883671	Mat og drikke	2016-12-28 09:46:34
23883686	Mat og drikke	2016-12-28 10:05:03
23883715	Mat og drikke	2016-12-28 10:22:36
23883743	VG Helg	2016-12-29 18:24:16
23883787	Rampelys	2017-01-12 13:53:01
23883834	Meninger	2016-12-28 13:04:05
23883835	Rampelys	2016-12-28 13:18:14
23883837	Sport	2016-12-28 18:30:46
23883854	Nyheter	2016-12-28 13:24:35
23883911	Nyheter	2016-12-28 13:54:42
23883937	Nyheter	2016-12-29 10:02:06
23883945	Nyheter	2016-12-28 14:14:11
23883955	VG Helg	2016-12-28 14:43:54
23883970	Historisk	2017-01-14 19:32:30
23883977	VG Helg	2016-12-28 15:18:25
23884028	Meninger	2016-12-28 15:51:42
23884036	Meninger	2016-12-28 15:54:58
23884101	Nyheter	2016-12-29 20:42:54
23884131	Rampelys	2016-12-28 19:09:48
23884137	Økonomi	2017-01-02 15:43:55
23884188	Nyheter	2016-12-28 20:11:04
23884221	Nyheter	2016-12-28 22:26:40
23884240	Nyheter	2016-12-28 20:30:01
23884249	Nyheter	2016-12-28 20:41:28
23884257	Nyheter	2016-12-28 21:14:53
23884294	Sport	2016-12-28 22:12:39
23884303	Sport	2016-12-28 22:20:09
23884322	Sport	2016-12-28 22:25:28
23884325	Meninger	2016-12-28 22:34:34
23884331	Nyheter	2016-12-28 22:41:54
23884339	Nyheter	2016-12-28 22:56:38
23884381	Sport	2016-12-28 23:52:11
23884384	Sport	2016-12-29 00:03:42
23884538	VG Helg	2016-12-29 10:41:23
23884577	Nyheter	2017-01-18 19:21:40
23884698	Rampelys	2016-12-29 14:24:10
23884810	Rampelys	2016-12-29 15:03:39
23884881	Nyheter	2016-12-29 15:49:23
23884914	Sport	2017-01-03 10:55:02
23885017	Meninger	2016-12-29 18:18:19
23885023	Meninger	2016-12-29 18:20:08
23885032	Meninger	2016-12-29 18:27:35
23885046	Meninger	2016-12-29 18:33:42
23885099	Sport	2016-12-29 19:34:50
23885171	Økonomi	2016-12-29 20:13:11
23885180	Nyheter	2016-12-29 20:37:58
23885191	Sport	2016-12-29 20:52:53
23885193	Nyheter	2016-12-29 20:40:57
23885197	Sport	2016-12-29 20:54:26
23885199	Rampelys	2016-12-29 20:52:14
23885235	Rampelys	2016-12-29 21:36:44
23885321	Nyheter	2016-12-29 22:56:08
23885323	Nyheter	2016-12-29 23:08:14
23885332	Nyheter	2016-12-29 23:06:22
23885340	Sport	2016-12-29 23:24:37
23885355	Sport	2016-12-29 23:32:31
23885357	Sport	2016-12-29 23:38:00
23885361	Nyheter	2016-12-30 00:04:20
23885406	Sport	2016-12-30 08:34:44
23885417	Sport	2016-12-30 08:44:20
23885422	Sport	2016-12-30 08:55:30
23885487	Nyheter	2017-01-17 18:08:40
23885502	Historisk	2017-01-04 13:11:08
23885508	Mat og drikke	2016-12-30 14:13:32
23885587	Nyheter	2016-12-30 11:19:44
23885662	Meninger	2016-12-30 12:20:45
23885668	Meninger	2016-12-30 12:28:42
23885739	Meninger	2016-12-30 14:25:22
23885781	Nyheter	2016-12-30 14:50:40
23885824	Nyheter	2016-12-30 15:14:04
23885825	Nyheter	2016-12-30 15:35:25
23885909	Rampelys	2016-12-30 15:56:00
23885937	Nyheter	2016-12-30 20:05:01
23885995	Meninger	2016-12-30 18:26:14
23886115	Nyheter	2016-12-30 22:00:55
23886124	Nyheter	2016-12-30 22:13:23
23886127	Nyheter	2016-12-30 22:18:50
23886129	Nyheter	2016-12-30 22:22:50
23886131	Sport	2016-12-30 22:28:29
23886140	Sport	2016-12-30 22:34:10
23886150	Rampelys	2016-12-30 22:42:08
23886156	Sport	2016-12-30 22:49:11
23886164	Sport	2016-12-30 22:54:42
23886175	Sport	2016-12-30 23:01:03
23886179	Nyheter	2016-12-30 23:12:35
23886182	Nyheter	2016-12-30 23:21:04
23886354	Rampelys	2016-12-31 22:18:10
23886356	Sport	2016-12-31 22:23:48
23886358	Sport	2016-12-31 22:27:21
23886361	Sport	2016-12-31 22:32:00
23886363	Nyheter	2016-12-31 22:36:21
23886366	Sport	2016-12-31 22:40:13
23886368	Rampelys	2016-12-31 22:43:20
23886370	Sport	2016-12-31 22:47:47
23886371	Nyheter	2016-12-31 22:51:54
23886373	Nyheter	2016-12-31 22:56:17
23886557	Meninger	2017-01-01 17:26:06
23886574	Rampelys	2017-01-01 18:04:25
23886619	Nyttig	2017-01-01 19:11:21
23886641	Kaffepausen	2017-01-01 19:23:04
23886644	Nyttig	2017-01-01 23:07:45
23886675	Meninger	2017-01-01 20:34:43
23886678	Nyheter	2017-01-01 21:18:23
23886686	Meninger	2017-01-01 20:39:48
23886692	Meninger	2017-01-01 20:44:29
23886706	Nyheter	2017-01-01 21:07:40
23886708	Nyheter	2017-01-01 21:14:39
23886722	Nyheter	2017-01-01 21:28:30
23886724	Sport	2017-01-01 21:37:30
23886728	Sport	2017-01-01 21:44:34
23886736	Nyheter	2017-01-01 21:47:20
23886774	Sport	2017-01-01 23:21:03
23886775	Nyheter	2017-01-01 23:30:39
23886805	Nyheter	2017-01-01 23:18:56
23886814	Nyheter	2017-01-01 23:27:41
23886829	Sport	2017-01-01 23:46:35
23886837	Sport	2017-01-01 23:54:57
23887200	Kaffepausen	2017-01-02 13:53:58
23887286	Rampelys	2017-01-02 15:17:56
23887308	Nyheter	2017-01-02 15:34:50
23887399	Meninger	2017-01-02 16:47:23
23887407	Meninger	2017-01-02 16:54:57
23887415	Meninger	2017-01-02 17:00:54
23887419	Nyheter	2017-01-02 17:07:29
23887423	Meninger	2017-01-02 17:13:15
23887437	Rampelys	2017-01-02 17:27:02
23887452	Nyheter	2017-01-02 17:47:29
23887456	Rampelys	2017-01-02 18:03:48
23887507	Nyheter	2017-01-02 19:11:28
23887513	Sport	2017-01-02 19:33:13
23887523	Sport	2017-01-02 19:53:21
23887552	Sport	2017-01-02 20:02:16
23887604	Nyheter	2017-01-02 21:07:18
23887633	Sport	2017-01-02 21:40:33
23887662	Nyheter	2017-01-02 22:27:03
23887693	Nyheter	2017-01-02 23:06:58
23887725	Sport	2017-01-02 23:30:57
23887740	Sport	2017-01-02 23:45:09
23887744	Sport	2017-01-02 23:53:41
23887757	Nyheter	2017-01-03 00:32:06
23887827	Kaffepausen	2017-01-03 09:20:58
23887841	Reportasje	2017-01-04 11:43:24
23887887	Reportasje	2017-01-12 10:40:45
23887910	Nyttig	2017-01-24 11:30:29
23887959	Kaffepausen	2017-01-03 11:48:50
23887969	Kaffepausen	2017-01-03 12:12:48
23887989	Mat og drikke	2017-01-03 13:05:12
23888048	Mat og drikke	2017-01-03 13:43:38
23888112	Rampelys	2017-01-03 14:27:33
23888346	Sport	2017-01-03 19:25:42
23888405	Meninger	2017-01-03 19:50:36
23888408	Sport	2017-01-03 20:12:10
23888409	Meninger	2017-01-03 19:55:34
23888413	Meninger	2017-01-03 20:01:56
23888416	Meninger	2017-01-03 20:03:23
23888446	Nyheter	2017-01-03 20:32:56
23888461	Økonomi	2017-01-03 20:37:48
23888471	Nyheter	2017-01-03 20:44:20
23888472	Sport	2017-01-03 20:45:23
23888483	Rampelys	2017-01-03 20:53:31
23888542	Sport	2017-01-03 22:29:21
23888549	Sport	2017-01-03 22:32:50
23888557	Nyheter	2017-01-03 23:04:23
23888573	Nyheter	2017-01-03 23:10:33
23888590	Nyheter	2017-01-03 23:28:09
23888603	Nyheter	2017-01-03 23:51:13
23888621	Nyheter	2017-01-04 00:05:22
23888629	Sport	2017-01-04 00:11:10
23888729	VG Helg	2017-01-10 11:04:09
23888742	Nyheter	2017-01-04 15:33:53
23888776	Nyheter	2017-01-20 11:26:49
23888792	Nyheter	2017-01-04 10:38:24
23889062	Reportasje	2017-01-20 18:30:56
23889081	Meninger	2017-01-04 14:20:46
23889204	Nyttig	2017-01-06 14:19:08
23889261	Rampelys	2017-01-04 16:56:13
23889281	Rampelys	2017-01-04 17:23:48
23889303	Nyheter	2017-01-09 14:58:11
23889325	Sport	2017-01-04 18:18:40
23889335	Nyheter	2017-01-04 18:32:14
23889349	Nyheter	2017-01-04 18:56:49
23889357	Nyheter	2017-01-04 19:03:19
23889371	Nyheter	2017-01-04 19:11:08
23889377	Meninger	2017-01-04 19:24:11
23889407	Meninger	2017-01-04 19:46:15
23889467	Sport	2017-01-05 20:37:32
23889555	Sport	2017-01-04 23:16:20
23889572	Sport	2017-01-04 23:19:10
23889580	Sport	2017-01-04 23:33:59
23889592	Sport	2017-01-04 23:43:27
23889597	Nyheter	2017-01-04 23:47:54
23889603	Meninger	2017-01-04 23:55:30
23889611	Nyheter	2017-01-05 00:09:56
23889617	Nyheter	2017-01-05 00:21:02
23889626	Sport	2017-01-05 00:24:18
23889675	VG Helg	2017-01-05 09:04:33
23889715	Mat og drikke	2017-01-05 09:29:03
23889733	Mat og drikke	2017-01-05 09:51:07
23889769	VG Helg	2017-01-05 10:19:46
23889772	VG Helg	2017-01-09 10:27:37
23889792	Nyheter	2017-01-15 17:39:12
23889805	Nyheter	2017-01-17 13:23:56
23889843	Rampelys	2017-01-05 11:07:11
23889863	Rampelys	2017-01-05 11:12:38
23889870	Rampelys	2017-01-05 11:17:32
23889964	Rampelys	2017-01-05 12:26:15
23889970	Nyheter	2017-01-09 11:58:04
23889977	Rampelys	2017-01-05 12:41:48
23890004	Rampelys	2017-01-05 13:09:45
23890018	Nyheter	2017-01-05 13:44:15
23890026	Rampelys	2017-01-05 13:31:31
23890056	Rampelys	2017-01-05 18:42:51
23890058	Nyheter	2017-01-09 13:50:33
23890081	VG Helg	2017-01-07 17:15:01
23890137	Sport	2017-01-05 14:45:20
23890206	Nyheter	2017-01-05 16:55:37
23890224	Nyheter	2017-01-05 15:16:11
23890292	VG Helg	2017-01-10 09:24:44
23890353	Nyheter	2017-01-05 17:13:01
23890410	Rampelys	2017-01-05 17:50:25
23890438	Rampelys	2017-01-05 17:57:28
23890464	Nyheter	2017-01-05 18:26:29
23890472	Meninger	2017-01-05 18:31:30
23890474	Meninger	2017-01-05 18:37:50
23890482	Meninger	2017-01-05 18:40:50
23890489	Meninger	2017-01-05 18:47:11
23890492	Sport	2017-01-05 19:02:13
23890496	Rampelys	2017-01-05 19:06:39
23890507	Nyheter	2017-01-05 19:26:19
23890513	Sport	2017-01-05 19:45:49
23890529	Sport	2017-01-05 19:53:02
23890605	Nyheter	2017-01-05 21:39:00
23890615	Nyheter	2017-01-05 22:16:31
23890629	Nyheter	2017-01-05 22:20:38
23890653	Sport	2017-01-05 22:40:34
23890763	Nyttig	2017-01-06 10:43:53
23890782	Kaffepausen	2017-01-06 09:25:58
23890788	Reportasje	2017-01-21 21:49:56
23890799	Kaffepausen	2017-01-06 09:48:30
23890840	Økonomi	2017-01-16 17:52:33
23890896	Nyheter	2017-01-06 10:32:39
23890979	Nyheter	2017-01-06 11:34:31
23891066	Sport	2017-01-06 13:53:10
23891188	Rampelys	2017-01-06 13:41:44
23891216	Økonomi	2017-01-08 20:11:10
23891228	Rampelys	2017-01-06 13:51:12
23891290	Nyheter	2017-01-06 14:46:03
23891291	VG Helg	2017-01-18 12:41:38
23891330	Meninger	2017-01-06 14:51:14
23891577	Sport	2017-01-06 19:45:49
23891583	Nyheter	2017-01-06 19:56:13
23891600	Sport	2017-01-06 20:13:49
23891609	Nyheter	2017-01-06 20:23:42
23891638	Sport	2017-01-06 20:53:32
23891645	Meninger	2017-01-06 21:20:32
23891647	Meninger	2017-01-06 21:24:27
23891661	Meninger	2017-01-06 21:34:09
23891674	Nyheter	2017-01-06 21:58:01
23891707	Sport	2017-01-06 22:25:37
23891713	Nyheter	2017-01-06 22:39:41
23891724	Nyheter	2017-01-06 23:12:24
23891731	Nyheter	2017-01-06 23:35:58
23891940	Nyheter	2017-01-07 23:56:34
23891961	Reportasje	2017-01-07 18:56:12
23892035	Meninger	2017-01-07 19:49:22
23892049	Sport	2017-01-07 19:58:19
23892051	Meninger	2017-01-07 20:19:29
23892088	Sport	2017-01-07 20:28:26
23892100	Sport	2017-01-07 20:35:59
23892136	Meninger	2017-01-07 21:15:07
23892150	Nyheter	2017-01-07 21:36:29
23892174	Reise	2017-01-07 21:58:22
23892175	Sport	2017-01-07 21:50:46
23892190	Sport	2017-01-07 21:59:28
23892198	Sport	2017-01-07 22:03:40
23892220	Nyheter	2017-01-07 22:26:00
23892222	Rampelys	2017-01-07 22:20:07
23892241	Reportasje	2017-01-07 23:10:49
23892242	Rampelys	2017-01-07 22:50:53
23892245	Meninger	2017-01-07 22:57:15
23892248	Sport	2017-01-07 23:10:55
23892273	Nyheter	2017-01-08 00:08:25
23892428	Nyheter	2017-01-08 18:21:53
23892439	Kaffepausen	2017-01-08 16:37:37
23892456	Rampelys	2017-01-08 17:18:23
23892538	Meninger	2017-01-08 18:38:18
23892540	Nyheter	2017-01-08 18:51:20
23892542	Meninger	2017-01-08 18:54:47
23892556	Meninger	2017-01-08 19:11:32
23892583	Meninger	2017-01-08 19:45:00
23892633	Nyheter	2017-01-08 21:07:10
23892656	Nyheter	2017-01-08 21:35:05
23892657	Sport	2017-01-08 21:28:12
23892675	Sport	2017-01-08 21:30:58
23892679	Sport	2017-01-08 21:34:10
23892702	Nyheter	2017-01-08 21:52:38
23892703	Sport	2017-01-08 21:44:54
23892711	Nyheter	2017-01-08 22:09:59
23892717	Sport	2017-01-08 22:12:15
23892723	Nyheter	2017-01-08 22:23:10
23892752	Nyheter	2017-01-08 23:09:17
23892789	Sport	2017-01-08 23:01:46
23892803	Nyheter	2017-01-08 23:30:50
23892810	Sport	2017-01-08 23:33:56
23892992	Økonomi	2017-01-11 13:34:12
23893022	Økonomi	2017-01-10 12:33:20
23893030	Økonomi	2017-01-22 17:06:12
23893102	Nyheter	2017-01-21 18:01:05
23893121	Kaffepausen	2017-01-09 10:42:30
23893209	VG Helg	2017-01-13 09:21:59
23893248	Nyheter	2017-01-09 13:41:13
23893250	Reportasje	2017-01-16 10:06:31
23893278	Rampelys	2017-01-09 13:32:46
23893302	Nyheter	2017-01-09 13:42:54
23893352	Meninger	2017-01-09 14:35:14
23893371	Sport	2017-01-09 14:43:56
23893400	Rampelys	2017-01-09 16:00:15
23893505	Økonomi	2017-01-09 18:14:26
23893531	Nyheter	2017-01-09 18:50:22
23893569	Meninger	2017-01-09 19:24:41
23893573	Meninger	2017-01-09 19:29:49
23893575	Nyheter	2017-01-09 19:37:53
23893583	Meninger	2017-01-09 19:34:42
23893588	Rampelys	2017-01-09 19:40:04
23893608	Nyheter	2017-01-09 20:22:59
23893628	Nyheter	2017-01-09 20:56:14
23893658	Sport	2017-01-09 21:39:56
23893667	Sport	2017-01-09 21:59:29
23893674	Nyheter	2017-01-09 23:00:22
23893712	Sport	2017-01-09 23:04:43
23893716	Nyheter	2017-01-10 00:21:17
23893740	Sport	2017-01-09 23:46:26
23893748	Nyheter	2017-01-09 23:53:21
23893854	Kaffepausen	2017-01-10 09:14:46
23893968	Meninger	2017-01-10 11:17:58
23893977	Mat og drikke	2017-01-10 12:38:20
23894037	Mat og drikke	2017-01-10 12:46:34
23894079	Nyheter	2017-01-10 13:16:34
23894108	Nyheter	2017-01-10 13:48:32
23894126	Sport	2017-01-13 08:57:41
23894172	Meninger	2017-01-10 14:17:06
23894194	Nyheter	2017-01-10 14:32:27
23894278	Rampelys	2017-01-10 15:26:07
23894383	Rampelys	2017-01-10 17:15:10
23894419	Nyheter	2017-01-10 17:51:44
23894434	Meninger	2017-01-10 18:10:05
23894438	Meninger	2017-01-10 18:13:23
23894452	Nyheter	2017-01-10 18:43:17
23894463	Sport	2017-01-10 18:56:35
23894472	Nyheter	2017-01-10 19:36:36
23894483	Nyheter	2017-01-10 19:43:09
23894498	Økonomi	2017-01-10 19:35:42
23894514	Nyheter	2017-01-10 20:38:03
23894517	Meninger	2017-01-10 20:35:10
23894561	Nyheter	2017-01-10 21:06:33
23894575	Nyheter	2017-01-10 22:07:25
23894616	Sport	2017-01-10 23:00:37
23894622	Nyheter	2017-01-11 00:13:21
23894643	Sport	2017-01-10 23:25:28
23894662	Sport	2017-01-10 23:34:58
23894676	Sport	2017-01-10 23:49:00
23894769	Kaffepausen	2017-01-11 09:08:26
23894817	Nyheter	2017-01-22 17:10:21
23894836	Nyheter	2017-01-11 10:09:52
23894893	Nyheter	2017-01-11 11:06:45
23894951	VG Helg	2017-01-11 12:35:05
23895037	Nyheter	2017-01-18 09:45:44
23895134	Rampelys	2017-01-11 13:23:50
23895218	Mat og drikke	2017-01-11 18:31:55
23895251	Rampelys	2017-01-11 14:18:18
23895265	Nyttig	2017-01-16 16:27:59
23895282	Nyheter	2017-01-11 14:42:32
23895375	Nyheter	2017-01-15 18:01:07
23895378	Nyheter	2017-01-12 14:33:53
23895476	Meninger	2017-01-11 18:30:35
23895484	Meninger	2017-01-11 18:37:25
23895494	Meninger	2017-01-11 18:44:41
23895518	Nyheter	2017-01-11 19:03:18
23895533	Sport	2017-01-11 19:32:33
23895534	Rampelys	2017-01-11 20:15:07
23895541	Nyheter	2017-01-11 21:06:03
23895583	Nyheter	2017-01-11 21:32:29
23895595	Meninger	2017-01-11 20:52:58
23895604	Nyheter	2017-01-11 21:00:37
23895634	Nyheter	2017-01-11 21:41:19
23895649	Sport	2017-01-11 21:59:36
23895664	Sport	2017-01-11 22:09:48
23895672	Nyheter	2017-01-11 22:22:30
23895687	Nyheter	2017-01-12 00:08:20
23895688	Nyheter	2017-01-11 22:26:36
23895697	Nyheter	2017-01-11 22:43:39
23895732	Nyheter	2017-01-11 23:46:51
23895741	Sport	2017-01-12 00:00:28
23895832	Kaffepausen	2017-01-12 08:52:39
23895861	Mat og drikke	2017-01-12 09:10:27
23895888	Mat og drikke	2017-01-12 09:27:37
23895916	VG Helg	2017-01-12 09:55:38
23895935	VG Helg	2017-01-17 13:47:08
23896000	Rampelys	2017-01-12 11:11:35
23896002	Sport	2017-01-16 12:50:24
23896032	Rampelys	2017-01-12 11:32:30
23896051	Nyheter	2017-01-12 13:32:02
23896080	VG Helg	2017-01-24 09:16:55
23896111	Rampelys	2017-01-12 12:53:12
23896142	Rampelys	2017-01-12 13:24:57
23896188	Nyheter	2017-01-12 13:43:08
23896198	Nyheter	2017-01-12 13:48:21
23896218	Sport	2017-01-13 12:53:36
23896329	Rampelys	2017-01-12 14:25:33
23896439	Nyheter	2017-01-12 15:14:17
23896481	Historisk	2017-01-17 17:59:56
23896491	Meninger	2017-01-12 15:45:25
23896619	Meninger	2017-01-12 17:20:20
23896621	Meninger	2017-01-12 17:23:30
23896635	Økonomi	2017-01-12 17:58:43
23896649	Sport	2017-01-12 18:51:58
23896716	Nyheter	2017-01-12 19:42:24
23896718	Nyheter	2017-01-12 19:20:35
23896727	Sport	2017-01-12 19:35:05
23896739	Meninger	2017-01-12 19:48:03
23896743	Sport	2017-01-12 20:08:23
23896770	Nyheter	2017-01-12 21:04:37
23896771	Nyheter	2017-01-12 20:38:22
23896781	Nyheter	2017-01-12 20:47:09
23896797	Nyheter	2017-01-12 21:47:13
23896820	Sport	2017-01-12 21:22:11
23896827	Sport	2017-01-12 21:31:44
23896866	Rampelys	2017-01-12 22:25:31
23896890	Nyheter	2017-01-12 22:49:31
23896898	Nyheter	2017-01-12 23:21:58
23896902	Sport	2017-01-12 22:38:44
23897045	Kaffepausen	2017-01-13 09:20:23
23897075	Kaffepausen	2017-01-13 09:40:49
23897125	Nyttig	2017-01-14 19:24:38
23897138	VG Helg	2017-01-16 11:16:42
23897187	Nyheter	2017-01-22 20:54:45
23897188	Reise	2017-01-13 10:51:16
23897315	Rampelys	2017-01-13 12:30:30
23897320	Sport	2017-01-13 12:41:35
23897408	Nyheter	2017-01-13 13:39:46
23897545	Nyheter	2017-01-13 15:05:39
23897599	Nyheter	2017-01-13 15:21:13
23897618	Nyheter	2017-01-13 15:30:35
23897622	Rampelys	2017-01-13 15:34:31
23897750	Meninger	2017-01-13 18:10:37
23897756	Meninger	2017-01-13 18:11:53
23897759	Meninger	2017-01-13 18:19:21
23897769	Nyheter	2017-01-13 18:33:37
23897777	Meninger	2017-01-13 18:40:52
23897788	Nyheter	2017-01-13 18:51:12
23897798	Sport	2017-01-13 19:22:26
23897805	Sport	2017-01-13 19:06:00
23897814	Sport	2017-01-13 19:20:32
23897828	Historisk	2017-01-24 09:35:49
23897839	Rampelys	2017-01-13 20:11:09
23897841	Nyheter	2017-01-13 22:31:16
23897889	Nyheter	2017-01-13 20:47:58
23897925	Sport	2017-01-13 20:53:25
23897937	Nyheter	2017-01-13 21:22:14
23897951	Nyheter	2017-01-13 21:58:24
23898020	Nyheter	2017-01-13 22:22:14
23898039	Sport	2017-01-13 22:43:14
23898044	Sport	2017-01-13 22:46:41
23898047	Rampelys	2017-01-13 22:53:11
23898217	Meninger	2017-01-14 17:19:28
23898227	Nyheter	2017-01-14 22:14:30
23898257	Meninger	2017-01-14 17:49:45
23898265	Rampelys	2017-01-14 18:19:36
23898269	Nyheter	2017-01-14 18:10:44
23898279	Nyheter	2017-01-14 18:37:14
23898289	Nyheter	2017-01-14 19:01:41
23898302	Nyheter	2017-01-14 19:14:51
23898336	Meninger	2017-01-14 19:39:24
23898343	Nyttig	2017-01-14 19:59:39
23898344	Sport	2017-01-14 19:51:09
23898359	Rampelys	2017-01-14 20:18:58
23898365	Meninger	2017-01-14 20:31:11
23898375	Nyheter	2017-01-14 20:42:57
23898392	Sport	2017-01-14 20:50:11
23898400	Nyheter	2017-01-14 21:09:48
23898421	Nyheter	2017-01-14 21:47:54
23898439	Sport	2017-01-14 22:05:57
23898452	Sport	2017-01-14 22:22:08
23898461	Sport	2017-01-14 22:31:53
23898462	Nyheter	2017-01-14 22:33:45
23898606	Meninger	2017-01-15 16:29:22
23898620	Meninger	2017-01-15 16:34:33
23898626	Meninger	2017-01-15 16:37:42
23898632	Meninger	2017-01-15 17:04:14
23898652	Rampelys	2017-01-15 17:34:02
23898654	Nyheter	2017-01-15 22:54:57
23898663	Nyheter	2017-01-15 18:04:12
23898664	Kaffepausen	2017-01-15 17:43:18
23898696	Nyheter	2017-01-15 18:20:30
23898711	Nyheter	2017-01-15 18:36:11
23898727	Nyheter	2017-01-15 18:54:54
23898742	Rampelys	2017-01-15 19:09:47
23898749	Rampelys	2017-01-15 19:21:33
23898750	Sport	2017-01-15 19:21:35
23898773	Nyheter	2017-01-15 19:33:24
23898802	Sport	2017-01-15 20:08:37
23898815	Sport	2017-01-15 20:21:01
23898828	Nyheter	2017-01-15 20:33:56
23898839	Sport	2017-01-15 21:23:01
23898842	Nyheter	2017-01-15 21:21:19
23898858	Sport	2017-01-15 22:01:50
23898866	Nyheter	2017-01-15 22:16:46
23898883	Sport	2017-01-15 22:33:34
23898884	Sport	2017-01-15 22:28:46
23898905	Nyheter	2017-01-15 23:05:38
23898910	Sport	2017-01-15 22:57:19
23899033	Økonomi	2017-01-18 10:31:33
23899049	Økonomi	2017-01-24 11:17:02
23899073	Kaffepausen	2017-01-16 09:19:13
23899117	Meninger	2017-01-24 16:46:49
23899123	VG Helg	2017-01-20 14:16:54
23899153	Nyheter	2017-01-21 17:34:14
23899267	Sport	2017-01-16 12:15:52
23899269	VG Helg	2017-01-16 12:14:49
23899452	Rampelys	2017-01-16 14:34:03
23899466	Meninger	2017-01-16 14:47:47
23899485	Nyheter	2017-01-16 15:01:47
23899495	Nyheter	2017-01-16 15:26:58
23899657	Rampelys	2017-01-16 19:36:24
23899660	Meninger	2017-01-16 19:44:27
23899662	Nyheter	2017-01-16 19:46:46
23899666	Meninger	2017-01-16 19:49:39
23899667	Nyheter	2017-01-16 19:49:27
23899671	Meninger	2017-01-16 19:54:11
23899672	Rampelys	2017-01-16 19:54:35
23899683	Sport	2017-01-16 20:20:24
23899684	Sport	2017-01-16 20:26:12
23899703	Nyheter	2017-01-16 20:32:54
23899711	Nyheter	2017-01-16 20:54:16
23899736	Sport	2017-01-16 21:58:31
23899745	Sport	2017-01-17 00:04:49
23899775	Nyheter	2017-01-16 22:33:13
23899791	Nyheter	2017-01-16 23:32:00
23899810	Nyheter	2017-01-16 23:43:47
23899817	Nyheter	2017-01-16 23:48:04
23899910	Kaffepausen	2017-01-17 09:06:13
23899936	Økonomi	2017-01-17 17:49:16
23900121	Nyheter	2017-01-17 12:39:37
23900151	Mat og drikke	2017-01-17 13:14:32
23900166	Mat og drikke	2017-01-17 13:21:27
23900228	Nyheter	2017-01-17 14:00:47
23900239	Sport	2017-01-17 14:35:12
23900258	Nyheter	2017-01-19 18:33:56
23900331	Nyheter	2017-01-17 15:16:57
23900454	Meninger	2017-01-17 16:50:11
23900584	Sport	2017-01-17 19:25:52
23900597	Nyheter	2017-01-17 19:46:49
23900606	Meninger	2017-01-17 19:59:40
23900613	Meninger	2017-01-17 20:01:36
23900619	Meninger	2017-01-17 20:04:43
23900634	Nyheter	2017-01-17 20:30:55
23900647	Rampelys	2017-01-17 20:39:09
23900655	Rampelys	2017-01-17 20:48:07
23900657	Rampelys	2017-01-17 20:52:10
23900668	Nyheter	2017-01-17 20:57:49
23900684	Nyheter	2017-01-17 21:40:10
23900690	Nyheter	2017-01-17 21:48:32
23900712	Nyheter	2017-01-17 22:43:41
23900744	Nyheter	2017-01-17 22:49:56
23900751	Sport	2017-01-17 22:55:17
23900777	Sport	2017-01-17 23:20:52
23900791	Sport	2017-01-17 23:25:48
23900801	Nyheter	2017-01-17 23:42:17
23900812	Sport	2017-01-17 23:55:15
23900817	Nyheter	2017-01-18 00:02:09
23900824	Sport	2017-01-18 00:12:54
23900911	Kaffepausen	2017-01-18 09:19:06
23900927	Økonomi	2017-01-23 11:21:12
23900937	VG Helg	2017-01-19 14:55:26
23901042	Økonomi	2017-01-19 17:34:50
23901046	Rampelys	2017-01-18 10:55:25
23901054	Nyheter	2017-01-21 18:15:10
23901063	Nyheter	2017-01-18 11:28:32
23901079	Rampelys	2017-01-18 11:39:58
23901215	Nyheter	2017-01-18 13:36:10
23901225	VG Helg	2017-01-18 13:54:16
23901333	Økonomi	2017-01-18 14:56:41
23901434	Rampelys	2017-01-18 17:47:17
23901531	Nyheter	2017-01-18 18:52:10
23901541	Nyheter	2017-01-18 18:45:53
23901566	Meninger	2017-01-18 19:14:01
23901577	Meninger	2017-01-18 19:21:39
23901582	Meninger	2017-01-18 19:29:38
23901588	Meninger	2017-01-18 19:37:56
23901604	Rampelys	2017-01-18 19:48:42
23901634	Nyheter	2017-01-18 20:07:58
23901659	Sport	2017-01-18 20:51:31
23901668	Økonomi	2017-01-18 20:25:52
23901710	Sport	2017-01-18 21:49:12
23901713	Nyheter	2017-01-18 22:00:55
23901719	Nyheter	2017-01-18 22:04:44
23901733	Nyheter	2017-01-18 22:29:13
23901754	Sport	2017-01-18 22:45:01
23901771	Sport	2017-01-18 22:50:26
23901774	Nyheter	2017-01-18 22:57:54
23901787	Sport	2017-01-18 23:06:17
23901820	Sport	2017-01-18 23:55:55
23901827	Sport	2017-01-19 00:16:16
23901914	Kaffepausen	2017-01-19 08:37:59
23901950	Nyheter	2017-01-19 09:29:22
23901957	Mat og drikke	2017-01-19 09:28:30
23901989	Mat og drikke	2017-01-19 09:50:58
23902023	VG Helg	2017-01-19 10:07:01
23902075	Nyheter	2017-01-19 10:55:43
23902234	Rampelys	2017-01-19 13:05:52
23902239	Rampelys	2017-01-19 13:27:00
23902245	Rampelys	2017-01-19 13:14:05
23902319	Meninger	2017-01-19 13:52:55
23902358	Sport	2017-01-19 19:44:07
23902415	Nyheter	2017-01-19 15:21:39
23902492	Sport	2017-01-19 17:48:34
23902577	Nyheter	2017-01-19 18:52:58
23902608	Nyheter	2017-01-19 19:46:02
23902691	Meninger	2017-01-19 20:29:01
23902697	Meninger	2017-01-19 20:32:34
23902705	Nyheter	2017-01-19 20:41:05
23902713	Nyheter	2017-01-19 20:45:35
23902789	Meninger	2017-01-19 21:48:15
23902803	Nyheter	2017-01-19 22:11:40
23902807	Sport	2017-01-19 22:16:35
23902810	Sport	2017-01-19 22:21:03
23902813	Sport	2017-01-19 22:27:17
23902823	Nyheter	2017-01-19 22:35:35
23902838	Nyheter	2017-01-19 22:40:48
23902843	Sport	2017-01-19 22:56:17
23902913	Rampelys	2017-01-20 09:10:45
23902976	Reise	2017-01-20 09:23:42
23903003	Rampelys	2017-01-20 10:01:29
23903023	Kaffepausen	2017-01-20 09:58:00
23903180	Rampelys	2017-01-20 12:31:00
23903194	Nyheter	2017-01-23 10:41:27
23903242	Nyheter	2017-01-20 12:45:18
23903260	Rampelys	2017-01-20 13:07:10
23903271	Økonomi	2017-01-23 12:47:34
23903294	Rampelys	2017-01-20 13:30:12
23903310	Sport	2017-01-20 22:20:22
23903409	Nyheter	2017-01-20 14:36:57
23903550	Reise	2017-01-20 15:39:44
23903558	Sport	2017-01-20 18:35:59
23903676	Sport	2017-01-20 17:57:43
23903779	Nyheter	2017-01-20 19:48:15
23903784	Nyheter	2017-01-20 19:53:36
23903797	Meninger	2017-01-20 19:57:37
23903804	Nyheter	2017-01-20 20:03:30
23903811	Nyheter	2017-01-20 20:10:28
23903819	Meninger	2017-01-20 20:13:42
23903821	Meninger	2017-01-20 20:16:17
23903846	Sport	2017-01-20 20:29:42
23903850	Sport	2017-01-20 20:32:51
23903853	Sport	2017-01-20 20:36:20
23903856	Sport	2017-01-20 20:40:40
23903859	Sport	2017-01-20 20:43:23
23903862	Nyheter	2017-01-20 20:52:38
23903871	Nyheter	2017-01-20 21:22:59
23903887	Meninger	2017-01-20 22:11:27
23903896	Nyheter	2017-01-20 21:45:42
23903902	Sport	2017-01-20 22:08:22
23903907	Nyheter	2017-01-20 22:46:11
23903930	Nyheter	2017-01-20 22:54:58
23904117	Sport	2017-01-21 17:03:35
23904127	Meninger	2017-01-21 16:55:21
23904130	Meninger	2017-01-21 17:10:30
23904146	Meninger	2017-01-21 17:18:18
23904155	Meninger	2017-01-21 17:32:18
23904165	Nyttig	2017-01-21 17:45:08
23904170	Nyttig	2017-01-21 17:51:18
23904176	Nyttig	2017-01-21 18:09:15
23904224	Rampelys	2017-01-21 19:02:42
23904254	Nyheter	2017-01-21 20:53:24
23904266	Rampelys	2017-01-21 19:27:40
23904278	Rampelys	2017-01-21 19:39:41
23904314	Nyheter	2017-01-21 20:36:38
23904331	Kaffepausen	2017-01-21 20:52:41
23904345	Sport	2017-01-21 21:13:07
23904349	Sport	2017-01-21 21:11:12
23904366	Nyheter	2017-01-21 21:20:41
23904374	Nyheter	2017-01-21 21:37:50
23904438	Sport	2017-01-21 22:06:40
23904446	Sport	2017-01-21 22:14:41
23904454	Nyheter	2017-01-21 22:20:01
23904458	Nyheter	2017-01-21 22:26:49
23904462	Sport	2017-01-21 22:37:26
23904619	Meninger	2017-01-22 17:25:24
23904624	Sport	2017-01-23 00:04:42
23904626	Rampelys	2017-01-22 17:49:04
23904660	Meninger	2017-01-22 18:03:20
23904666	Meninger	2017-01-22 18:11:42
23904673	Nyheter	2017-01-22 18:26:20
23904792	Nyheter	2017-01-22 21:14:06
23904808	Kaffepausen	2017-01-22 21:20:42
23904809	Nyheter	2017-01-22 21:20:14
23904816	Nyheter	2017-01-22 21:32:17
23904830	Sport	2017-01-22 21:45:11
23904853	Meninger	2017-01-22 22:01:45
23904871	Nyheter	2017-01-22 22:20:03
23904879	Rampelys	2017-01-22 22:23:00
23904885	Nyheter	2017-01-22 22:29:50
23904886	Sport	2017-01-22 22:40:24
23904899	Nyheter	2017-01-22 23:31:08
23904900	Sport	2017-01-22 22:48:51
23904905	Sport	2017-01-22 22:55:01
23904924	Sport	2017-01-22 23:00:53
23904929	Nyheter	2017-01-22 23:16:26
23904935	Sport	2017-01-22 23:20:06
23904954	Sport	2017-01-22 23:47:40
23904961	Sport	2017-01-22 23:53:57
23905009	Økonomi	2017-01-24 18:49:02
23905081	Kaffepausen	2017-01-23 09:45:55
23905267	Nyheter	2017-01-23 14:16:51
23905329	Nyheter	2017-01-23 14:23:36
23905420	Sport	2017-01-23 15:18:48
23905565	Meninger	2017-01-23 17:26:51
23905571	Meninger	2017-01-23 17:41:07
23905580	Meninger	2017-01-23 18:37:22
23905610	Meninger	2017-01-23 18:47:34
23905626	Meninger	2017-01-23 18:57:05
23905637	Nyheter	2017-01-23 20:04:17
23905656	Sport	2017-01-23 19:25:08
23905682	Nyheter	2017-01-23 20:23:37
23905706	Nyheter	2017-01-23 20:30:52
23905744	Rampelys	2017-01-23 20:53:49
23905755	Nyheter	2017-01-23 21:24:03
23905783	Nyheter	2017-01-23 22:17:33
23905803	Nyheter	2017-01-23 22:49:05
23905819	Sport	2017-01-23 22:59:37
23905826	Nyheter	2017-01-23 23:42:01
23905834	Sport	2017-01-23 23:27:59
23905866	Sport	2017-01-24 00:10:22
23906003	Kaffepausen	2017-01-24 09:55:33
23906317	Nyheter	2017-01-24 12:41:23
23906392	Nyheter	2017-01-24 14:09:19
23906450	Meninger	2017-01-24 15:13:24
23906486	Meninger	2017-01-24 15:42:43
23906524	Nyheter	2017-01-24 17:14:41
23906542	Meninger	2017-01-24 16:25:56
23906635	Nyheter	2017-01-24 17:53:11
23906673	Rampelys	2017-01-24 18:48:22
23906707	Nyheter	2017-01-24 19:52:45
23906715	Rampelys	2017-01-24 20:39:00
23906748	Nyheter	2017-01-24 21:12:35
23906769	Meninger	2017-01-24 21:45:58
23906799	Sport	2017-01-24 22:37:03
23906815	Sport	2017-01-24 22:46:33
23906821	Nyheter	2017-01-24 23:01:20
23906836	Sport	2017-01-24 23:26:36
23906844	Sport	2017-01-24 23:31:02
23906850	Nyheter	2017-01-24 23:56:34
23906855	Nyheter	2017-01-24 23:53:49
23906875	Sport	2017-01-25 00:17:36
